Category,Name
PHARYNX - NEURONS,I1L
PHARYNX - NEURONS,I1R
PHARYNX - NEURONS,I2L
PHARYNX - NEURONS,I2R
PHARYNX - NEURONS,I3
PHARYNX - NEURONS,I4
PHARYNX - NEURONS,I5
PHARYNX - NEURONS,I6
PHARYNX - NEURONS,M1
PHARYNX - NEURONS,M2L
PHARYNX - NEURONS,M2R
PHARYNX - NEURONS,M3L
PHARYNX - NEURONS,M3R
PHARYNX - NEURONS,M4
PHARYNX - NEURONS,M5
PHARYNX - NEURONS,MCL
PHARYNX - NEURONS,MCR
PHARYNX - NEURONS,MI
PHARYNX - NEURONS,NSML
PHARYNX - NEURONS,NSMR
SENSORY,ADFL
SENSORY,ADFR
SENSORY,ADLL
SENSORY,ADLR
SENSORY,ASEL
SENSORY,ASER
SENSORY,ASGL
SENSORY,ASGR
SENSORY,ASHL
SENSORY,ASHR
SENSORY,ASIL
SENSORY,ASIR
SENSORY,ASJL
SENSORY,ASJR
SENSORY,ASKL
SENSORY,ASKR
SENSORY,AWAL
SENSORY,AWAR
SENSORY,AWBL
SENSORY,AWBR
SENSORY,AWCL
SENSORY,AWCR
SENSORY,AFDL
SENSORY,AFDR
SENSORY,IL1DL
SENSORY,IL1DR
SENSORY,IL1L
SENSORY,IL1R
SENSORY,IL1VL
SENSORY,IL1VR
SENSORY,IL2DL
SENSORY,IL2DR
SENSORY,IL2L
SENSORY,IL2R
SENSORY,IL2VL
SENSORY,IL2VR
SENSORY,OLQDL
SENSORY,OLQDR
SENSORY,OLQVL
SENSORY,OLQVR
SENSORY,OLLL
SENSORY,OLLR
SENSORY,CEPDL
SENSORY,CEPDR
SENSORY,CEPVL
SENSORY,CEPVR
SENSORY,ALML
SENSORY,ALMR
SENSORY,AVM
SENSORY,PVM
SENSORY,PLML
SENSORY,PLMR
SENSORY,ALNL
SENSORY,ALNR
SENSORY,PLNL
SENSORY,PLNR
SENSORY,FLPL
SENSORY,FLPR
SENSORY,BDUL
SENSORY,BDUR
SENSORY,SDQL
SENSORY,SDQR
SENSORY,PVDL
SENSORY,PVDR
SENSORY,BAGL
SENSORY,BAGR
SENSORY,URXL
SENSORY,URXR
SENSORY,URYDL
SENSORY,URYDR
SENSORY,URYVL
SENSORY,URYVR
SENSORY,AQR
SENSORY,PQR
SENSORY,AUAL
SENSORY,AUAR
SENSORY,ADEL
SENSORY,ADER
SENSORY,PDEL
SENSORY,PDER
SENSORY,PHAL
SENSORY,PHAR
SENSORY,PHBL
SENSORY,PHBR
SENSORY,PHCL
SENSORY,PHCR
INTERNEURON,AIAL
INTERNEURON,AIAR
INTERNEURON,AIBL
INTERNEURON,AIBR
INTERNEURON,AIYL
INTERNEURON,AIYR
INTERNEURON,AIZL
INTERNEURON,AIZR
INTERNEURON,ADAL
INTERNEURON,ADAR
INTERNEURON,AIML
INTERNEURON,AIMR
INTERNEURON,AINL
INTERNEURON,AINR
INTERNEURON,ALA
INTERNEURON,RIAL
INTERNEURON,RIAR
INTERNEURON,RIBL
INTERNEURON,RIBR
INTERNEURON,RICL
INTERNEURON,RICR
INTERNEURON,RIFL
INTERNEURON,RIFR
INTERNEURON,RIGL
INTERNEURON,RIGR
INTERNEURON,RIH
INTERNEURON,RIR
INTERNEURON,RIS
INTERNEURON,RMFL
INTERNEURON,RMFR
INTERNEURON,RMGL
INTERNEURON,RMGR
INTERNEURON,URBL
INTERNEURON,URBR
INTERNEURON,RIPL
INTERNEURON,RIPR
INTERNEURON,CANL
INTERNEURON,CANR
INTERNEURON,AVFL
INTERNEURON,AVFR
INTERNEURON,AVG
INTERNEURON,AVHL
INTERNEURON,AVHR
INTERNEURON,AVJL
INTERNEURON,AVJR
INTERNEURON,AVKL
INTERNEURON,AVKR
INTERNEURON,AVL
INTERNEURON,DVA
INTERNEURON,DVB
INTERNEURON,DVC
INTERNEURON,PVNL
INTERNEURON,PVNR
INTERNEURON,PVPL
INTERNEURON,PVPR
INTERNEURON,PVQL
INTERNEURON,PVQR
INTERNEURON,PVR
INTERNEURON,PVT
INTERNEURON,PVWL
INTERNEURON,PVWR
INTERNEURON,RID
INTERNEURON,PVCL
INTERNEURON,PVCR
INTERNEURON,AVAL
INTERNEURON,AVAR
INTERNEURON,AVBL
INTERNEURON,AVBR
INTERNEURON,AVDL
INTERNEURON,AVDR
INTERNEURON,AVEL
INTERNEURON,AVER
INTERNEURON,LUAL
INTERNEURON,LUAR
MOTOR,RIML
MOTOR,RIMR
MOTOR,RMDDL
MOTOR,RMDDR
MOTOR,RMDL
MOTOR,RMDR
MOTOR,RMDVL
MOTOR,RMDVR
MOTOR,RMED
MOTOR,RMEL
MOTOR,RMER
MOTOR,RMEV
MOTOR,RMHL
MOTOR,RMHR
MOTOR,RIVL
MOTOR,RIVR
MOTOR,URADL
MOTOR,URADR
MOTOR,URAVL
MOTOR,URAVR
MOTOR,SAADL
MOTOR,SAADR
MOTOR,SAAVL
MOTOR,SAAVR
MOTOR,SABD
MOTOR,SABVL
MOTOR,SABVR
MOTOR,SIADL
MOTOR,SIADR
MOTOR,SIAVL
MOTOR,SIAVR
MOTOR,SIBDL
MOTOR,SIBDR
MOTOR,SIBVL
MOTOR,SIBVR
MOTOR,SMBDL
MOTOR,SMBDR
MOTOR,SMBVL
MOTOR,SMBVR
MOTOR,SMDDL
MOTOR,SMDDR
MOTOR,SMDVL
MOTOR,SMDVR
MOTOR,DA01
MOTOR,DA02
MOTOR,DA03
MOTOR,DA04
MOTOR,DA05
MOTOR,DA06
MOTOR,DA07
MOTOR,DA08
MOTOR,DA09
MOTOR,PDA
MOTOR,DB01
MOTOR,DB02
MOTOR,DB03
MOTOR,DB04
MOTOR,DB05
MOTOR,DB06
MOTOR,DB07
MOTOR,AS01
MOTOR,AS02
MOTOR,AS03
MOTOR,AS04
MOTOR,AS05
MOTOR,AS06
MOTOR,AS07
MOTOR,AS08
MOTOR,AS09
MOTOR,AS10
MOTOR,AS11
MOTOR,PDB
MOTOR,DD01
MOTOR,DD02
MOTOR,DD03
MOTOR,DD04
MOTOR,DD05
MOTOR,DD06
MOTOR,VA01
MOTOR,VA02
MOTOR,VA03
MOTOR,VA04
MOTOR,VA05
MOTOR,VA06
MOTOR,VA07
MOTOR,VA08
MOTOR,VA09
MOTOR,VA10
MOTOR,VA11
MOTOR,VA12
MOTOR,VB01
MOTOR,VB02
MOTOR,VB03
MOTOR,VB04
MOTOR,VB05
MOTOR,VB06
MOTOR,VB07
MOTOR,VB08
MOTOR,VB09
MOTOR,VB10
MOTOR,VB11
MOTOR,VD01
MOTOR,VD02
MOTOR,VD03
MOTOR,VD04
MOTOR,VD05
MOTOR,VD06
MOTOR,VD07
MOTOR,VD08
MOTOR,VD09
MOTOR,VD10
MOTOR,VD11
MOTOR,VD12
MOTOR,VD13
MOTOR,VC01
MOTOR,VC02
MOTOR,VC03
MOTOR,VC04
MOTOR,VC05
MOTOR,HSNL
MOTOR,HSNR
